ingredient_id,ingredient_name,recipe_id,recipe_name,recipe_link,note
aW5ncmVkaWVudDoyNDQ0NTE=,"frozen, peas",cmVjaXBlOjE4MjIzOQ==,Crunchy Citrus & Cabbage Salad with Green Peas AF,https://app.galleysolutions.com/recipes/cmVjaXBlOjE4MjIzOQ==,Top level usage
aW5ncmVkaWVudDoyNDQ0NTE=,"frozen, peas",cmVjaXBlOjE5NDk2Nw==,"Vegetable Mix - Green Beans, Peas & Red Bell Pepper",https://app.galleysolutions.com/recipes/cmVjaXBlOjE5NDk2Nw==,Sparse recipe
aW5ncmVkaWVudDoyNDQ0NTE=,"frozen, peas",cmVjaXBlOjIzMDM2MA==,SCH LOT 22122 Component,https://app.galleysolutions.com/recipes/cmVjaXBlOjIzMDM2MA==,Top level usage
aW5ncmVkaWVudDoyNDQ0NTE=,"frozen, peas",cmVjaXBlOjI4NzM0Nw==,Sweet Peas,https://app.galleysolutions.com/recipes/cmVjaXBlOjI4NzM0Nw==,Sparse recipe
aW5ncmVkaWVudDoyNDQ0NTE=,"frozen, peas",cmVjaXBlOjI4OTkzNg==,Paella Rice (IQF),https://app.galleysolutions.com/recipes/cmVjaXBlOjI4OTkzNg==,Top level usage
aW5ncmVkaWVudDoyNDQ0NTE=,"frozen, peas",cmVjaXBlOjMxNzc0Ng==,ALLERGY Kimchi 'Fried' Rice with Green Peas,https://app.galleysolutions.com/recipes/cmVjaXBlOjMxNzc0Ng==,Top level usage
aW5ncmVkaWVudDoyNDQ0NTE=,"frozen, peas",cmVjaXBlOjE4NTQ1NQ==,Shredded Broccoli & Frozen Peas,https://app.galleysolutions.com/recipes/cmVjaXBlOjE4NTQ1NQ==,Sparse recipe
aW5ncmVkaWVudDoyNDQ0NTE=,"frozen, peas",cmVjaXBlOjQ4NTM1Nw==,WC SCH Lot 23219,https://app.galleysolutions.com/recipes/cmVjaXBlOjQ4NTM1Nw==,Top level usage
aW5ncmVkaWVudDoyNDQ0NTE=,"frozen, peas",cmVjaXBlOjE4OTI4Mg==,Lemon Green Peas,https://app.galleysolutions.com/recipes/cmVjaXBlOjE4OTI4Mg==,Sparse recipe
